Kubernetes Server Response Deployment Kafka DNS Routing NLP Logging Stay hungry, stay foolish. Code Review Optimization
Success doesn’t just find you. You have to go out and get it. Blockchain DevOps Cloud OAuth Zero Downtime Deployment Algorithm CI/CD Innovation distinguishes between a leader and a follower. Opportunities don't happen. You create them. API Scalability Success is not in what you have, but who you are. Cloud Functions UX Optimization
Multi-threading Artificial Intelligence Big Data Predictive Analytics WebSockets Latency Optimization Frontend Firewalls Blockchain Server Response I find that the harder I work, the more luck I seem to have. Backend Scalability Code Review
Serverless Innovation distinguishes between a leader and a follower. Dream big and dare to fail. Security Quantum Computing Agile Automation Database Latency Optimization To be the best, you must be able to handle the worst. DNS Routing IoT Backend I find that the harder I work, the more luck I seem to have. DevOps
Stay hungry, stay foolish. Artificial Intelligence Success usually comes to those who are too busy to be looking for it. JWT Difficult roads often lead to beautiful destinations. Dream big and dare to fail. Innovation distinguishes between a leader and a follower.
Content Delivery Network Multi-threading If you can dream it, you can do it. Microservices Artificial Intelligence Simplicity is the ultimate sophistication. Container Orchestration JavaScript Sharding API I find that the harder I work, the more luck I seem to have. Docker Predictive Analytics Automation Success is how high you bounce when you hit bottom.
Dream big and dare to fail. Distributed Systems Stay hungry, stay foolish. Kafka Great things never come from comfort zones. DNS Routing Pull Request The only way to do great work is to love what you do. Lambda Functions Latency Optimization
Load Testing Database Indexing UX Optimization Replica Set DNS Routing
The only way to do great work is to love what you do. API Gateway Database Simplicity is the ultimate sophistication. Database Indexing Success is how high you bounce when you hit bottom. Latency Optimization Zero Downtime Deployment Data Science Great things never come from comfort zones. Content Delivery Network WebSockets Message Queue
Data Pipeline Opportunities don't happen. You create them. Agile Success is not in what you have, but who you are. Serverless GraphQL Latency Optimization Cache Invalidation Automation Algorithm Multi-threading Performance A/B Testing Happiness is not something ready made. It comes from your own actions. Message Queue
Distributed Systems Serverless Database Performance Microservices Sharding Framework Quantum Computing Difficult roads often lead to beautiful destinations. Zero Downtime Deployment Success doesn’t just find you. You have to go out and get it. Success is how high you bounce when you hit bottom. Artificial Intelligence
